WKT,fid,NAME,COLOR,ALTURANUM
"MULTIPOLYGON (((5687134.42344747 6141106.77480702,5687135.88327393 6141106.68001693,5687137.33293211 6141106.483625,5687138.76535927 6141106.186589,5687140.17357678 6141105.79035518,5687141.55072428 6141105.29685421,5687142.89009233 6141104.70849053,5687144.18515547 6141104.02813024,5687145.42960445 6141103.2590885,5687146.61737609 6141102.40511164,5687147.74268421 6141101.47036002,5687148.80004623 6141100.45938818,5687149.78431066 6141099.37712107,5687150.69068216 6141098.22883135,5687151.51474532 6141097.02011367,5687152.25248535 6141095.75685656,5687152.90030773 6141094.4452144,5687153.4550564 6141093.09157782,5687153.91402904 6141091.70254097,5687154.27498926 6141090.28487161,5687154.53617846 6141088.84547636,5687154.69632441 6141087.39136755,5687154.75464665 6141085.92962988,5687154.71086115 6141084.46738446,5687154.56518123 6141083.01175543,5687154.31831651 6141081.56983416,5687153.97146994 6141080.14864595,5687153.52633107 6141078.75511443,5687152.98506861 6141077.39602864,5687152.35031986 6141076.0780104,5687151.62517687 6141074.80748034,5687150.81317243 6141073.5906288,5687149.91826285 6141072.43338407,5687148.94480808 6141071.34138392,5687147.89755036 6141070.31994874,5687146.78159192 6141069.37405485,5687145.60236973 6141068.50831037,5687144.36562901 6141067.72693291,5687143.07739456 6141067.03372988,5687141.74394284 6141066.43207813,5687140.37177013 6141065.92490863,5687138.96756173 6141065.51469287,5687137.53815891 6141065.2034288,5687136.09052522 6141064.9926329,5687134.63171339 6141064.88333248,5687133.16883077 6141064.87605986,5687131.70900453 6141064.97085053,5687130.25934668 6141065.16724262,5687128.82691969 6141065.46427948,5687127.41870216 6141065.86051366,5687126.04155492 6141066.35401471,5687124.70218717 6141066.94237892,5687123.40712461 6141067.6227392,5687122.16267599 6141068.39178112,5687120.97490451 6141069.24575837,5687119.84959679 6141070.18050983,5687118.79223518 6141071.19148169,5687117.8079714 6141072.27374876,5687116.90160007 6141073.42203839,5687116.0775373 6141074.63075592,5687115.33979787 6141075.89401283,5687114.69197582 6141077.20565474,5687114.1372272 6141078.55929103,5687113.67825481 6141079.94832755,5687113.31729504 6141081.36599655,5687113.05610574 6141082.80539142,5687112.89596012 6141084.25949981,5687112.83763792 6141085.72123707,5687112.8814234 6141087.18348208,5687113.02710324 6141088.6391107,5687113.27396759 6141090.08103159,5687113.62081421 6141091.50221942,5687114.0659526 6141092.89575061,5687114.60721479 6141094.25483609,5687115.24196345 6141095.57285407,5687115.96710608 6141096.84338391,5687116.77910991 6141098.06023529,5687117.67401909 6141099.21747991,5687118.64747368 6141100.30948001,5687119.69473075 6141101.3309152,5687120.81068878 6141102.27680916,5687121.98991059 6141103.142554,5687123.22665116 6141103.92393139,5687124.51488527 6141104.61713464,5687125.84833644 6141105.2187869,5687127.22050887 6141105.72595648,5687128.62471705 6141106.13617283,5687130.05411993 6141106.44743727,5687131.50175348 6141106.65823308,5687132.96056501 6141106.76753415,5687134.42344747 6141106.77480702)))",1,Destiladotkg1,AMARILLO,24
"MULTIPOLYGON (((5687210.33110429 6141187.42599263,5687211.7953593 6141187.33091572,5687213.2494152 6141187.13392899,5687214.68618802 6141186.83599258,5687216.09867803 6141186.43855747,5687217.48000334 6141185.94356019,5687218.82343493 6141185.3534122,5687220.12242704 6141184.67098883,5687221.37065167 6141183.89961485,5687222.56202708 6141183.04304786,5687223.69074937 6141182.10546143,5687224.75131964 6141181.09142321,5687225.73857038 6141180.00587343,5687226.64769241 6141178.85410069,5687227.47425604 6141177.64171674,5687228.21423459 6141176.37462766,5687228.86402289 6141175.059007,5687229.42045542 6141173.70126429,5687229.88082115 6141172.30801398,5687230.24287715 6141170.88604408,5687230.50485948 6141169.44228236,5687230.665492 6141167.98376251,5687230.72399202 6141166.51759053,5687230.6800745 6141165.05090904,5687230.53395339 6141163.59086413,5687230.28634063 6141162.14456856,5687229.93844265 6141160.71906878,5687229.49195419 6141159.3213095,5687228.94905051 6141157.95810056,5687228.31237668 6141156.63608359,5687227.58503465 6141155.361699,5687226.77056775 6141154.14115541,5687225.87294409 6141152.98039961,5687224.89653652 6141151.88508616,5687223.84610254 6141150.86055173,5687222.72675917 6141149.91178769,5687221.54396025 6141149.04341622,5687220.30346811 6141148.25966778,5687219.01132599 6141147.56436118,5687217.67382955 6141146.96088342,5687216.29749439 6141146.45217469,5687214.88902658 6141146.04071349,5687213.45528737 6141145.72850433,5687212.00326218 6141145.51706832,5687210.54002505 6141145.40743568,5687209.07270465 6141145.40014007,5687207.60844977 6141145.49521762,5687206.15439398 6141145.69220452,5687204.71762156 6141145.99014154,5687203.30513177 6141146.38757701,5687201.92380648 6141146.88257463,5687200.58037544 6141147.47272289,5687199.28138366 6141148.15514649,5687198.03315941 6141148.92652067,5687196.84178438 6141149.78308779,5687195.71306227 6141150.72067431,5687194.65249265 6141151.73471255,5687193.66524209 6141152.8202623,5687192.7561207 6141153.97203494,5687191.92955746 6141155.18441874,5687191.18957927 6141156.45150763,5687190.53979107 6141157.76712803,5687189.98335907 6141159.12487044,5687189.52299359 6141160.51812042,5687189.1609378 6141161.94008996,5687188.89895562 6141163.38385129,5687188.73832319 6141164.84237073,5687188.6798232 6141166.3085423,5687188.72374071 6141167.77522337,5687188.86986174 6141169.23526787,5687189.11747437 6141170.68156305,5687189.46537215 6141172.10706246,5687189.91186038 6141173.5048214,5687190.45476378 6141174.86803003,5687191.09143704 6141176.19004674,5687191.81877896 6141177.46443111,5687192.63324547 6141178.68497455,5687193.53086873 6141179.84573023,5687194.50727565 6141180.94104364,5687195.55770945 6141181.96557807,5687196.67705217 6141182.91434218,5687197.85985093 6141183.78271376,5687199.10034269 6141184.56646237,5687200.39248446 6141185.2617692,5687201.72998059 6141185.86524723,5687203.10631523 6141186.37395629,5687204.51478306 6141186.78541784,5687205.94852209 6141187.09762736,5687207.40054691 6141187.30906355,5687208.86378399 6141187.41869683,5687210.33110429 6141187.42599263)))",2,Destiladotkg2,AMARILLO,24
"MULTIPOLYGON (((5687275.91949965 6141203.48690917,5687276.47084619 6141203.45110928,5687277.01835236 6141203.37693648,5687277.55935075 6141203.26475238,5687278.09120585 6141203.11510345,5687278.61132627 6141202.92871855,5687279.11717823 6141202.70650605,5687279.60629713 6141202.44954835,5687280.07630004 6141202.15909741,5687280.5248974 6141201.83656801,5687280.94990341 6141201.48353193,5687281.3492474 6141201.10170877,5687281.72098434 6141200.69295897,5687282.06330248 6141200.25927401,5687282.37453446 6141199.80276635,5687282.65316396 6141199.32566033,5687282.89783372 6141198.83028008,5687283.10735115 6141198.31903949,5687283.28069611 6141197.79442914,5687283.41702361 6141197.25900451,5687283.51566995 6141196.71537461,5687283.57615418 6141196.16618757,5687283.59818157 6141195.61411936,5687283.5816451 6141195.06185942,5687283.52662534 6141194.51209802,5687283.43339004 6141193.96751408,5687283.30239348 6141193.4307602,5687283.13427423 6141192.90445194,5687282.92985088 6141192.39115297,5687282.69011982 6141191.89336434,5687282.41624839 6141191.41351115,5687282.10957144 6141190.95393112,5687281.7715829 6141190.51686324,5687281.40392942 6141190.10443692,5687281.0084018 6141189.71866152,5687280.5869277 6141189.36141633,5687280.14155996 6141189.03444208,5687279.67446844 6141188.73933164,5687279.18792908 6141188.4775227,5687278.68431196 6141188.25029075,5687278.16607066 6141188.05874271,5687277.63573015 6141187.90381228,5687277.09587398 6141187.78625364,5687276.54913254 6141187.70664002,5687275.99816931 6141187.66535898,5687275.44566854 6141187.66261177,5687274.89432225 6141187.69841183,5687274.34681609 6141187.77258468,5687273.80581772 6141187.88476883,5687273.27396266 6141188.03441805,5687272.75384227 6141188.22080276,5687272.24799036 6141188.44301554,5687271.75887151 6141188.69997328,5687271.28886866 6141188.99042424,5687270.84027134 6141189.31295342,5687270.41526539 6141189.66598951,5687270.01592146 6141190.04781268,5687269.64418458 6141190.45656248,5687269.3018665 6141190.89024766,5687268.99063458 6141191.3467553,5687268.71200513 6141191.82386128,5687268.46733565 6141192.31924125,5687268.25781802 6141192.83048181,5687268.08447311 6141193.35509235,5687267.94814562 6141193.89051669,5687267.84949931 6141194.43414677,5687267.78901509 6141194.98333352,5687267.76698771 6141195.53540191,5687267.78352418 6141196.08766179,5687267.83854392 6141196.63742289,5687267.93177921 6141197.18200701,5687268.06277573 6141197.7187606,5687268.23089496 6141198.24506905,5687268.43531826 6141198.75836774,5687268.67504952 6141199.25615632,5687268.94892066 6141199.73600974,5687269.25559755 6141200.19558974,5687269.59358604 6141200.63265761,5687269.96123945 6141201.04508368,5687270.35676701 6141201.43085908,5687270.77824105 6141201.78810428,5687271.22360874 6141202.11507855,5687271.69070021 6141202.41018925,5687272.17723953 6141202.67199823,5687272.6808566 6141202.89923021,5687273.19909786 6141203.09077806,5687273.72943834 6141203.24570878,5687274.26929447 6141203.36326723,5687274.8160359 6141203.44288091,5687275.36699912 6141203.484162,5687275.91949965 6141203.48690917)))",3,Destiladotkc1,AMARILLO,22
"MULTIPOLYGON (((5687235.16110113 6141241.95717558,5687235.71698976 6141241.92108107,5687236.26900649 6141241.84629711,5687236.81446169 6141241.73318899,5687237.35069828 6141241.58230739,5687237.87510381 6141241.3943873,5687238.38512301 6141241.17034418,5687238.87827151 6141240.91126959,5687239.35214663 6141240.61842588,5687239.80443964 6141240.29323986,5687240.23294694 6141239.93729552,5687240.63558111 6141239.55232681,5687241.01038019 6141239.14020993,5687241.35551882 6141238.70295206,5687241.6693149 6141238.24268351,5687241.95024003 6141237.76164712,5687242.19692532 6141237.26218596,5687242.40816902 6141236.74673377,5687242.58294202 6141236.21780144,5687242.7203931 6141235.67796612,5687242.819852 6141235.12985752,5687242.88083462 6141234.57614631,5687242.90304377 6141234.01952999,5687242.88637121 6141233.46272023,5687242.83089817 6141232.90842996,5687242.73689495 6141232.35935948,5687242.60481962 6141231.81818395,5687242.43531516 6141231.28753957,5687242.229208 6141230.77001218,5687241.98750202 6141230.26812242,5687241.71137475 6141229.78431608,5687241.40217136 6141229.32094968,5687241.06139852 6141228.88028112,5687240.69071605 6141228.46445709,5687240.2919305 6141228.07550343,5687239.8669841 6141227.7153152,5687239.4179475 6141227.38564717,5687238.94700815 6141227.08810526,5687238.45646047 6141226.82413927,5687237.94869444 6141226.59503532,5687237.42618394 6141226.40190924,5687236.89147422 6141226.24570224,5687236.34717072 6141226.12717502,5687235.79592519 6141226.04690518,5687235.24042295 6141226.00528415,5687234.6833706 6141226.0025141,5687234.12748222 6141226.038609,5687233.57546549 6141226.11339254,5687233.03001032 6141226.22650095,5687232.49377376 6141226.37738284,5687231.96936827 6141226.56530298,5687231.45934912 6141226.78934614,5687230.96620066 6141227.04842053,5687230.49232559 6141227.34126426,5687230.04003265 6141227.66645054,5687229.61152541 6141228.02239489,5687229.20889129 6141228.40736337,5687228.83409228 6141228.81948048,5687228.4889537 6141229.25673834,5687228.17515767 6141229.71700663,5687227.89423261 6141230.19804323,5687227.64754736 6141230.69750412,5687227.43630371 6141231.2129565,5687227.26153073 6141231.74188854,5687227.12407969 6141232.28172405,5687227.02462081 6141232.82983235,5687226.96363821 6141233.38354351,5687226.94142905 6141233.94015977,5687226.95810161 6141234.49696946,5687227.01357464 6141235.05125968,5687227.10757784 6141235.6003301,5687227.23965316 6141236.14150581,5687227.40915757 6141236.67214991,5687227.6152647 6141237.1896775,5687227.85697062 6141237.69156697,5687228.13309785 6141238.17537352,5687228.44230117 6141238.63873966,5687228.78307397 6141239.07940844,5687229.15375638 6141239.49523246,5687229.55254185 6141239.88418589,5687229.97748821 6141240.24437436,5687230.42652475 6141240.57404241,5687230.89746404 6141240.87158411,5687231.38801167 6141241.13555013,5687231.89577766 6141241.36465437,5687232.41828812 6141241.55778049,5687232.95299781 6141241.71398753,5687233.49730128 6141241.83251457,5687234.04854678 6141241.91278423,5687234.60404902 6141241.9544058,5687235.16110113 6141241.95717558)))",4,Destiladotkc2,AMARILLO,22
"MULTIPOLYGON (((5687066.36374922 6141295.02449245,5687066.9557853 6141294.98605097,5687067.54369752 6141294.90640435,5687068.12462168 6141294.7859415,5687068.69572781 6141294.62524881,5687069.25423334 6141294.42510907,5687069.79741729 6141294.18649759,5687070.32263349 6141293.91057662,5687070.82732306 6141293.59869049,5687071.30902707 6141293.25235904,5687071.76539878 6141292.87326908,5687072.19421479 6141292.46326767,5687072.59338602 6141292.02435221,5687072.96096768 6141291.55866136,5687073.29516896 6141291.06846346,5687073.59436176 6141290.55614705,5687073.85708828 6141290.02420817,5687074.08206865 6141289.475238,5687074.26820664 6141288.9119112,5687074.41459565 6141288.3369724,5687074.52052235 6141287.7532225,5687074.58547063 6141287.16350563,5687074.6091242 6141286.57069452,5687074.59136769 6141285.97767762,5687074.53228762 6141285.38734402,5687074.43217194 6141284.80256936,5687074.29150828 6141284.22620327,5687074.11098197 6141283.66105319,5687073.89147266 6141283.10987255,5687073.63404953 6141282.57534682,5687073.3399669 6141282.06008005,5687073.01065735 6141281.56658292,5687072.64772545 6141281.09725905,5687072.25293924 6141280.65439551,5687071.82822209 6141280.24014947,5687071.37564324 6141279.85653937,5687070.89740754 6141279.50543404,5687070.39584491 6141279.18854397,5687069.87339885 6141278.90741326,5687069.33261477 6141278.66341118,5687068.77612741 6141278.45772678,5687068.20664776 6141278.29136193,5687067.62695026 6141278.16512712,5687067.03985933 6141278.07963751,5687066.44823499 6141278.03530983,5687065.85495953 6141278.03235942,5687065.26292361 6141278.07080128,5687064.67501139 6141278.15044748,5687064.09408726 6141278.27091064,5687063.52298118 6141278.43160363,5687062.96447569 6141278.63174342,5687062.42129179 6141278.87035495,5687061.89607564 6141279.14627596,5687061.39138637 6141279.45816186,5687060.90968242 6141279.80449358,5687060.45331078 6141280.18358355,5687060.02449484 6141280.59358497,5687059.62532368 6141281.03250042,5687059.25774209 6141281.49819126,5687058.92354064 6141281.98838914,5687058.62434812 6141282.50070527,5687058.36162167 6141283.03264435,5687058.13664134 6141283.58161447,5687057.95050315 6141284.14494123,5687057.80411442 6141284.71987995,5687057.69818773 6141285.30362955,5687057.63323948 6141285.8933466,5687057.60958591 6141286.4861574,5687057.62734241 6141287.07917423,5687057.68642248 6141287.66950801,5687057.78653813 6141288.25428236,5687057.92720177 6141288.83064863,5687058.10772779 6141289.39579866,5687058.3272373 6141289.94697924,5687058.58466037 6141290.48150493,5687058.87874295 6141290.99677142,5687059.20805219 6141291.49026878,5687059.57098427 6141291.95959263,5687059.96577041 6141292.40245615,5687060.39048749 6141292.81670219,5687060.84306628 6141293.20031231,5687061.32130191 6141293.55141765,5687061.82286447 6141293.86830751,5687062.34531025 6141294.1494385,5687062.88609428 6141294.39344063,5687063.44258159 6141294.59912508,5687064.0120612 6141294.76548999,5687064.59175866 6141294.89172462,5687065.17884956 6141294.97721406,5687065.77047391 6141295.02154228,5687066.36374922 6141295.02449245)))",5,AGUA1,VERDE,19
"MULTIPOLYGON (((5687081.44161237 6141311.01665671,5687082.03011297 6141310.97844485,5687082.61451433 6141310.89927397,5687083.19196954 6141310.77953064,5687083.7596652 6141310.61979743,5687084.31483557 6141310.42085304,5687084.85477594 6141310.18366632,5687085.37685569 6141309.9093931,5687085.87853144 6141309.59936961,5687086.35735879 6141309.25510618,5687086.81100524 6141308.87828012,5687087.23726068 6141308.47072714,5687087.63404831 6141308.03443304,5687087.99943487 6141307.571523,5687088.33164061 6141307.08425242,5687088.62904656 6141306.57499546,5687088.89020424 6141306.0462331,5687089.1138412 6141305.50054124,5687089.29886788 6141304.94057863,5687089.44438267 6141304.36907303,5687089.54967678 6141303.78880921,5687089.61423737 6141303.20261379,5687089.63774981 6141302.61334276,5687089.62009941 6141302.02386712,5687089.56137214 6141301.4370588,5687089.46185429 6141300.8557763,5687089.32203078 6141300.28285194,5687089.14258266 6141299.72107656,5687088.92438407 6141299.17318754,5687088.66849822 6141298.64185382,5687088.37617178 6141298.12966418,5687088.04882904 6141297.63911356,5687087.68806434 6141297.17259252,5687087.29563579 6141296.7323734,5687086.87345489 6141296.32060132,5687086.4235786 6141295.93928195,5687085.9481988 6141295.59027308,5687085.44963149 6141295.27527533,5687084.93030534 6141294.99582325,5687084.39275074 6141294.75327843,5687083.83958645 6141294.54882205,5687083.27350754 6141294.38345073,5687082.69727184 6141294.25796974,5687082.11368672 6141294.17299068,5687081.52559542 6141294.12892747,5687080.93586284 6141294.12599462,5687080.3473625 6141294.16420684,5687079.76296114 6141294.24337754,5687079.18550597 6141294.36312117,5687078.61781035 6141294.52285444,5687078.06264002 6141294.72179888,5687077.5226997 6141294.95898565,5687077.00062 6141295.23325867,5687076.49894431 6141295.54328218,5687076.02011702 6141295.88754564,5687075.5664704 6141296.26437195,5687075.14021527 6141296.67192494,5687074.74342771 6141297.10821903,5687074.37804121 6141297.57112905,5687074.04583553 6141298.05839937,5687073.74842964 6141298.56765653,5687073.48727202 6141299.09641886,5687073.26363511 6141299.64211066,5687073.07860846 6141300.20207323,5687072.93309371 6141300.77357876,5687072.82779962 6141301.35384252,5687072.76323905 6141301.94003788,5687072.73972661 6141302.5293086,5687072.75737701 6141303.11878417,5687072.81610426 6141303.70559267,5687072.9156221 6141304.2868751,5687073.05544557 6141304.85979941,5687073.23489365 6141305.42157473,5687073.4530922 6141305.9694637,5687073.708978 6141306.50079737,5687074.00130438 6141307.01298697,5687074.32864705 6141307.50353734,5687074.68941169 6141307.9700586,5687075.08184018 6141308.4102777,5687075.50402101 6141308.82204979,5687075.95389699 6141309.20336918,5687076.42927696 6141309.55237782,5687076.92784421 6141309.86737559,5687077.44717031 6141310.14682771,5687077.98472486 6141310.38937282,5687078.53788911 6141310.59382925,5687079.10396798 6141310.75920063,5687079.68020365 6141310.88468167,5687080.26378874 6141310.96966056,5687080.85188005 6141311.01372408,5687081.44161237 6141311.01665671)))",6,AGUA2,VERDE,19
"MULTIPOLYGON (((5687097.54260397 6141328.23364827,5687098.13966267 6141328.19488064,5687098.73256267 6141328.11455868,5687099.31841533 6141327.99307387,5687099.89436651 6141327.83101812,5687100.45761042 6141327.62918041,5687101.00540274 6141327.38854483,5687101.53507467 6141327.11028317,5687102.04404596 6141326.79575136,5687102.52983659 6141326.44648155,5687102.9900802 6141326.06417547,5687103.42253431 6141325.65069602,5687103.82509197 6141325.20805713,5687104.19579221 6141324.73841534,5687104.53282906 6141324.24405903,5687104.83456024 6141323.72739625,5687105.09951567 6141323.19094439,5687105.32640474 6141322.63731716,5687105.51412229 6141322.06921119,5687105.66175315 6141321.48939476,5687105.76857873 6141320.90069254,5687105.83407814 6141320.30597266,5687105.8579325 6141319.70813253,5687105.84002548 6141319.11008446,5687105.78044435 6141318.51474259,5687105.67947945 6141317.92500682,5687105.53762247 6141317.34375076,5687105.35556496 6141316.77380601,5687105.13419322 6141316.21794941,5687104.87458643 6141315.67888881,5687104.57800909 6141315.15925085,5687104.24590589 6141314.66156661,5687103.87989489 6141314.18826127,5687103.48175951 6141313.74164029,5687103.05343941 6141313.3238799,5687102.59702104 6141312.93701522,5687102.11472812 6141312.58293123,5687101.60891054 6141312.26335259,5687101.08203225 6141311.97983664,5687100.53666048 6141311.7337644,5687099.975452 6141311.52633477,5687099.40114094 6141311.35855847,5687098.81652558 6141311.23125267,5687098.22445389 6141311.14503779,5687097.62781029 6141311.10033365,5687097.02950171 6141311.09735817,5687096.43244326 6141311.13612592,5687095.83954327 6141311.21644795,5687095.25369063 6141311.33793283,5687094.6777395 6141311.49998887,5687094.11449563 6141311.7018264,5687093.56670336 6141311.94246226,5687093.03703149 6141312.22072397,5687092.52806026 6141312.53525581,5687092.0422697 6141312.88452564,5687091.58202615 6141313.26683149,5687091.14957211 6141313.68031118,5687090.74701453 6141314.12295007,5687090.37631436 6141314.59259184,5687090.03927757 6141315.08694812,5687089.73754645 6141315.60361088,5687089.47259106 6141316.14006245,5687089.24570206 6141316.69368988,5687089.05798453 6141317.26179555,5687088.91035371 6141317.84161192,5687088.80352815 6141318.43031407,5687088.73802877 6141319.02503412,5687088.71417441 6141319.62287419,5687088.73208143 6141320.22092218,5687088.79166255 6141320.81626399,5687088.89262742 6141321.40599946,5687089.03448437 6141321.98725545,5687089.21654184 6141322.55720015,5687089.43791353 6141323.11305693,5687089.69752027 6141323.65211726,5687089.99409755 6141324.17175542,5687090.32620069 6141324.66943963,5687090.69221162 6141325.14274495,5687091.09034693 6141325.58936592,5687091.51866697 6141326.00712631,5687091.97508526 6141326.39399076,5687092.45737812 6141326.74807502,5687092.96319564 6141327.06765369,5687093.49007387 6141327.35116967,5687094.03544558 6141327.59724195,5687094.59665402 6141327.8046714,5687095.17096504 6141327.972448,5687095.75558037 6141328.09975362,5687096.34765204 6141328.18596857,5687096.94429562 6141328.23067278,5687097.54260397 6141328.23364827)))",7,AGUA3,VERDE,21
"MULTIPOLYGON (((5687137.01247113 6141369.75932549,5687137.68429885 6141369.71570329,5687138.35144684 6141369.62532297,5687139.01066539 6141369.48862489,5687139.6587423 6141369.30627511,5687140.29252042 6141369.0791619,5687140.90891216 6141368.80839178,5687141.50491455 6141368.49528397,5687142.0776236 6141368.14136374,5687142.62424939 6141367.74835552,5687143.1421289 6141367.31817416,5687143.62873884 6141366.85291503,5687144.08170855 6141366.354845,5687144.49883127 6141365.82639091,5687144.8780748 6141365.27012686,5687145.21759164 6141364.68876337,5687145.51572739 6141364.08513238,5687145.77102966 6141363.46217499,5687145.98225479 6141362.82292608,5687146.14837364 6141362.17049995,5687146.26857706 6141361.50807521,5687146.34227903 6141360.83887916,5687146.36912072 6141360.16617234,5687146.34897141 6141359.49323139,5687146.28192929 6141358.82333541,5687146.16832091 6141358.15974807,5687146.00869951 6141357.5057019,5687145.80384316 6141356.86438357,5687145.55474972 6141356.23891759,5687145.26263285 6141355.63235112,5687144.92891555 6141355.04763917,5687144.55522357 6141354.48763069,5687144.14337778 6141353.95505357,5687143.69538455 6141353.45250268,5687143.21342646 6141352.98242665,5687142.69985148 6141352.54711521,5687142.15716169 6141352.14868936,5687141.58800122 6141351.78909042,5687140.99514286 6141351.4700698,5687140.38147474 6141351.19318214,5687139.74998688 6141350.95977623,5687139.10375581 6141350.77098926,5687138.4459298 6141350.62774104,5687137.77971346 6141350.53072909,5687137.10835313 6141350.48042685,5687136.43511902 6141350.47707842,5687135.76329165 6141350.52070099,5687135.09614344 6141350.61108115,5687134.43692517 6141350.74777955,5687133.78884831 6141350.93012941,5687133.15507 6141351.15724269,5687132.53867832 6141351.42801287,5687131.94267625 6141351.74112072,5687131.36996727 6141352.09504099,5687130.82334132 6141352.48804901,5687130.30546215 6141352.91823061,5687129.81885229 6141353.38348975,5687129.36588266 6141353.88155954,5687128.94875979 6141354.41001385,5687128.56951635 6141354.96627787,5687128.22999982 6141355.54764131,5687127.93186414 6141356.15127225,5687127.6765617 6141356.77422958,5687127.46533661 6141357.41347843,5687127.29921781 6141358.06590448,5687127.17901466 6141358.72832912,5687127.10531247 6141359.39752486,5687127.07847079 6141360.07023184,5687127.0986201 6141360.74317269,5687127.16566219 6141361.41306835,5687127.27927078 6141362.07665584,5687127.43889191 6141362.73070194,5687127.64374821 6141363.3720202,5687127.89284159 6141363.99748612,5687128.18495863 6141364.60405252,5687128.51867585 6141365.18876443,5687128.89236752 6141365.74877287,5687129.30421322 6141366.28134998,5687129.7522066 6141366.7839006,5687130.23416461 6141367.25397688,5687130.7477395 6141367.68928832,5687131.29042896 6141368.08771398,5687131.8595896 6141368.44731318,5687132.45244788 6141368.76633385,5687133.0661157 6141369.04322158,5687133.6976035 6141369.27662755,5687134.34383476 6141369.46541458,5687135.00166074 6141369.60866289,5687135.6678768 6141369.70567468,5687136.33923736 6141369.75597725,5687137.01247113 6141369.75932549)))",8,Incendio,ROJO,23
"MULTIPOLYGON (((5687284.32649778 6141630.29338025,5687295.27496415 6141641.76747076,5687375.91209021 6141564.82426894,5687364.96361191 6141553.35017776,5687284.32649778 6141630.29338025)))",23,TorreAERO1,NEGRO,17
"MULTIPOLYGON (((5687325.77890761 6141673.69820439,5687336.72737362 6141685.17230132,5687417.36454481 6141608.22910202,5687406.41606687 6141596.75500441,5687325.77890761 6141673.69820439)))",24,TorreAERO2,NEGRO,17
"MULTIPOLYGON (((5687387.02901686 6141433.47191191,5687347.51439797 6141392.2248089,5687365.38154185 6141375.22489833,5687378.70518759 6141362.47546292,5687418.14768688 6141403.6943861,5687387.02901686 6141433.47191191)))",25,NAVET_V,AZUL,15
"MULTIPOLYGON (((5687345.58677363 6141351.08545544,5687345.78351924 6141351.07268043,5687345.9788946 6141351.04621258,5687346.17194803 6141351.00618026,5687346.36173836 6141350.9527788,5687346.54734114 6141350.88626841,5687346.72785245 6141350.80697298,5687346.90239265 6141350.7152789,5687347.07011136 6141350.61163277,5687347.23019169 6141350.49653961,5687347.38185348 6141350.37056036,5687347.52435776 6141350.23430841,5687347.65701074 6141350.08844807,5687347.77916584 6141349.9336892,5687347.89022787 6141349.77078647,5687347.98965583 6141349.6005332,5687348.07696536 6141349.42375898,5687348.15173104 6141349.24132503,5687348.21358864 6141349.05411986,5687348.26223669 6141348.86305608,5687348.29743842 6141348.66906398,5687348.31902219 6141348.47308878,5687348.32688273 6141348.27608546,5687348.32098196 6141348.07901386,5687348.30134864 6141347.88283376,5687348.26807819 6141347.68850103,5687348.22133281 6141347.4969626,5687348.16134041 6141347.30915176,5687348.08839299 6141347.12598295,5687348.00284608 6141346.94834912,5687347.90511641 6141346.77711539,5687347.79568019 6141346.61311598,5687347.67507051 6141346.45715,5687347.54387491 6141346.30997703,5687347.40273262 6141346.17231472,5687347.25233157 6141346.04483301,5687347.09340404 6141345.9281535,5687346.92672437 6141345.82284426,5687346.75310489 6141345.72941856,5687346.57339124 6141345.64833163,5687346.388459 6141345.57997838,5687346.19920935 6141345.52469191,5687346.00656397 6141345.48274143,5687345.81146121 6141345.45433114,5687345.61485227 6141345.43959993,5687345.41769479 6141345.4386195,5687345.2209489 6141345.45139428,5687345.02557356 6141345.47786238,5687344.83252061 6141345.51789493,5687344.64273028 6141345.57129639,5687344.4571275 6141345.63780679,5687344.2766162 6141345.71710223,5687344.10207601 6141345.80879631,5687343.9343573 6141345.91244244,5687343.77427698 6141346.0275356,5687343.62261544 6141346.15351485,5687343.48011093 6141346.2897668,5687343.34745795 6141346.43562715,5687343.2253031 6141346.590386,5687343.11424107 6141346.75328874,5687343.01481288 6141346.92354201,5687342.9275036 6141347.10031622,5687342.85273792 6141347.28275016,5687342.79088033 6141347.46995533,5687342.74223204 6141347.6610191,5687342.70703031 6141347.8550112,5687342.68544655 6141348.05098638,5687342.67758601 6141348.2479897,5687342.68348677 6141348.4450613,5687342.7031201 6141348.64124139,5687342.73639055 6141348.83557411,5687342.78313592 6141349.02711254,5687342.84312855 6141349.21492336,5687342.91607597 6141349.39809216,5687343.00162288 6141349.57572599,5687343.09935229 6141349.74695973,5687343.20878875 6141349.91095913,5687343.32939842 6141350.0669251,5687343.46059378 6141350.21409808,5687343.60173606 6141350.35176039,5687343.75213734 6141350.47924209,5687343.91106463 6141350.59592162,5687344.07774429 6141350.70123085,5687344.25136377 6141350.79465656,5687344.43107741 6141350.8757435,5687344.61600964 6141350.94409674,5687344.80525928 6141350.99938322,5687344.99790466 6141351.04133371,5687345.19300693 6141351.06974379,5687345.38961588 6141351.08447477,5687345.58677363 6141351.08545544)))",29,BYPASS2,RAYAS,55
"MULTIPOLYGON (((5687319.14073217 6141356.01537272,5687313.92516558 6141360.99702973,5687330.47277239 6141378.32161859,5687335.68834014 6141373.33996164,5687319.14073217 6141356.01537272)))",30,AIRE2,CYAN,31
"MULTIPOLYGON (((5687312.91343528 6141316.87329026,5687313.11018084 6141316.86051521,5687313.30555615 6141316.83404731,5687313.49860954 6141316.79401496,5687313.68839981 6141316.74061347,5687313.87400254 6141316.67410305,5687314.05451378 6141316.59480759,5687314.22905392 6141316.50311349,5687314.39677258 6141316.39946735,5687314.55685284 6141316.28437418,5687314.70851457 6141316.15839492,5687314.85101879 6141316.02214297,5687314.98367171 6141315.87628262,5687315.10582674 6141315.72152376,5687315.21688872 6141315.55862104,5687315.31631661 6141315.38836778,5687315.40362608 6141315.21159358,5687315.4783917 6141315.02915965,5687315.54024925 6141314.84195451,5687315.58889724 6141314.65089077,5687315.62409892 6141314.45689869,5687315.64568263 6141314.26092354,5687315.65354312 6141314.06392025,5687315.64764232 6141313.8668487,5687315.62800895 6141313.67066865,5687315.59473846 6141313.47633596,5687315.54799305 6141313.28479759,5687315.48800062 6141313.09698681,5687315.41505317 6141312.91381806,5687315.32950623 6141312.73618428,5687315.23177656 6141312.56495061,5687315.12234031 6141312.40095126,5687315.00173063 6141312.24498535,5687314.87053502 6141312.09781244,5687314.72939273 6141311.96015019,5687314.57899168 6141311.83266855,5687314.42006415 6141311.7159891,5687314.2533845 6141311.61067992,5687314.07976503 6141311.51725428,5687313.9000514 6141311.43616741,5687313.71511919 6141311.36781422,5687313.52586957 6141311.3125278,5687313.33322422 6141311.27057738,5687313.1381215 6141311.24216714,5687312.94151259 6141311.22743598,5687312.74435516 6141311.22645559,5687312.54760932 6141311.23923042,5687312.35223402 6141311.26569856,5687312.15918112 6141311.30573114,5687311.96939085 6141311.35913264,5687311.78378813 6141311.42564306,5687311.60327689 6141311.50493853,5687311.42873675 6141311.59663263,5687311.26101811 6141311.70027878,5687311.10093785 6141311.81537195,5687310.94927637 6141311.9413512,5687310.80677192 6141312.07760316,5687310.674119 6141312.22346351,5687310.55196422 6141312.37822236,5687310.44090225 6141312.54112508,5687310.34147413 6141312.71137834,5687310.2541649 6141312.88815253,5687310.17939928 6141313.07058645,5687310.11754174 6141313.25779159,5687310.06889352 6141313.44885533,5687310.03369184 6141313.6428474,5687310.01210813 6141313.83882255,5687310.00424764 6141314.03582582,5687310.01014844 6141314.23289737,5687310.02978181 6141314.42907741,5687310.0630523 6141314.62341009,5687310.1097977 6141314.81494846,5687310.16979037 6141315.00275922,5687310.24273781 6141315.18592797,5687310.32828474 6141315.36356174,5687310.42601418 6141315.53479542,5687310.53545065 6141315.69879476,5687310.65606033 6141315.85476066,5687310.78725569 6141316.00193358,5687310.92839797 6141316.13959583,5687311.07879925 6141316.26707747,5687311.23772653 6141316.38375693,5687311.40440618 6141316.48906611,5687311.57802564 6141316.58249175,5687311.75773926 6141316.66357863,5687311.94267147 6141316.73193182,5687312.13192109 6141316.78721825,5687312.32456643 6141316.82916868,5687312.51966867 6141316.8575787,5687312.71627757 6141316.87230963,5687312.91343528 6141316.87329026)))",38,BYPASS1,RAYAS,55
"MULTIPOLYGON (((5687286.46740075 6141321.80321263,5687281.25183647 6141326.78486976,5687297.7994437 6141344.10945098,5687303.01500915 6141339.1277939,5687286.46740075 6141321.80321263)))",39,AIRE1,CYAN,31
"MULTIPOLYGON (((5687357.55881588 6141365.35826923,5687346.90879456 6141375.48285016,5687285.78187196 6141311.18361625,5687296.21757227 6141301.26277368,5687357.55881588 6141365.35826923)))",47,NAVE_TG,BLANCO,23
"MULTIPOLYGON (((5687316.76274315 6141298.87876826,5687329.68109905 6141286.70426132,5687342.34059104 6141300.13723466,5687329.42223293 6141312.31174145,5687316.76274315 6141298.87876826)))",48,CRC1,GREY,35
"MULTIPOLYGON (((5687349.32121819 6141332.95403545,5687362.23957973 6141320.77952886,5687374.89907136 6141334.21250807,5687361.9807076 6141346.38701451,5687349.32121819 6141332.95403545)))",49,CRC2,GREY,35
